{
    "binary_crossentropy_loss": [
        0.0007356765563599765,
        0.0010929296258836985,
        7.826904038665816e-06,
        2.1396158444986213e-06,
        9.418558875040617e-07,
        4.6481116555696644e-07,
        7.949759310577065e-05,
        4.684349551098421e-05,
        2.4742106688790955e-05,
        6.6317825258011e-06
    ],
    "heatmap_mae": [
        0.003596802242100239,
        0.003529546782374382,
        0.003448010189458728,
        0.0033814208582043648,
        0.0031471303664147854,
        0.0030631311237812042,
        0.003016870701685548,
        0.0028943107463419437,
        0.002850544871762395,
        0.002781311748549342
    ],
    "loss": [
        0.0006879219436086714,
        0.0008530018385499716,
        0.0002960290585178882,
        0.00028386502526700497,
        0.00024230095732491463,
        0.00022975717729423195,
        0.000263638241449371,
        0.00022871907276567072,
        0.00021196570014581084,
        0.0001930512662511319
    ],
    "mean_squared_error_loss": [
        0.00031998177291825414,
        0.0003064038173761219,
        0.0002920984697993845,
        0.0002827809366863221,
        0.00024181223125196993,
        0.0002295071753906086,
        0.0002238628949271515,
        0.00020527611195575446,
        0.00019957308541052043,
        0.00018971912504639477
    ],
    "presence_acc": [
        0.9998180270195007,
        0.9996359944343567,
        1.0,
        1.0,
        1.0,
        1.0,
        0.9999393224716187,
        0.9999696612358093,
        1.0,
        1.0
    ],
    "presence_auc": [
        0.9997419118881226,
        0.9997416138648987,
        1.0,
        1.0,
        1.0,
        1.0,
        1.0,
        0.9999999403953552,
        1.0,
        1.0
    ],
    "val_binary_crossentropy_loss": [
        0.0022028121165931225,
        0.0006727963336743414,
        0.0006363873835653067,
        0.0005431862082332373,
        0.00028372497763484716,
        0.0002635355049278587,
        0.00032564549474045634,
        0.0010498350020498037,
        0.00037940527545288205,
        0.0009169187978841364
    ],
    "val_heatmap_mae": [
        0.0038454558234661818,
        0.003780374303460121,
        0.003751718904823065,
        0.003690277459099889,
        0.003326106583699584,
        0.0033205116633325815,
        0.003277119714766741,
        0.003118643769994378,
        0.003110958728939295,
        0.0030336531344801188
    ],
    "val_loss": [
        0.0014980442356318235,
        0.0007178723462857306,
        0.0007050964049994946,
        0.0006468851934187114,
        0.00045651549589820206,
        0.0004443129582796246,
        0.00047160673420876265,
        0.0008136850083246827,
        0.00047629265463910997,
        0.000736747810151428
    ],
    "val_mean_squared_error_loss": [
        0.00039584102341905236,
        0.0003815853560809046,
        0.00038713286630809307,
        0.00037555390736088157,
        0.00031502789352089167,
        0.0003130261320620775,
        0.00030915517709217966,
        0.00028869666857644916,
        0.00028694182401522994,
        0.00027820412651635706
    ],
    "val_presence_acc": [
        0.9994216561317444,
        0.9996529817581177,
        0.9997686743736267,
        0.9997686743736267,
        0.999884307384491,
        0.999884307384491,
        0.999884307384491,
        0.9997686743736267,
        0.999884307384491,
        0.999884307384491
    ],
    "val_presence_auc": [
        0.9990196228027344,
        1.0,
        0.9999999403953552,
        1.0,
        0.9999999403953552,
        1.0,
        0.9999999403953552,
        0.9995097517967224,
        0.9999999403953552,
        0.9995097517967224
    ],
    "learning_rate": [
        0.0010000000474974513,
        0.0010000000474974513,
        0.0010000000474974513,
        0.0010000000474974513,
        0.0005000000237487257,
        0.0005000000237487257,
        0.0005000000237487257,
        0.0002500000118743628,
        0.0002500000118743628,
        0.0001250000059371814
    ]
}