{
    "binary_crossentropy_loss": [
        0.024441123008728027,
        0.007161041256040335,
        0.005834749434143305,
        0.004119394347071648,
        0.0038963996339589357,
        0.0022397867869585752,
        0.0015308430884033442,
        0.001541239325888455,
        0.0008208898361772299,
        0.0007572633912786841,
        0.0007503956439904869,
        0.0008541144197806716,
        0.000672158261295408,
        0.00048489851178601384,
        0.0002953229413833469,
        0.0004967345157638192,
        0.0004759310686495155,
        0.00032911900780163705,
        0.00040253414772450924,
        0.0003099258756265044,
        0.00031951777054928243,
        0.0003968249075114727,
        0.0003677697095554322,
        0.00036640913458541036,
        0.0002704719081521034,
        0.00037882564356550574,
        0.0003071281244046986,
        0.0003204301465302706
    ],
    "heatmap_mae": [
        0.14960184693336487,
        0.029502011835575104,
        0.018170638009905815,
        0.013690449297428131,
        0.011341128498315811,
        0.009910334832966328,
        0.00918516330420971,
        0.008548710495233536,
        0.007951449602842331,
        0.007633236236870289,
        0.007320580538362265,
        0.007427346892654896,
        0.0069262683391571045,
        0.006694503594189882,
        0.006520180497318506,
        0.006408867426216602,
        0.0063124289736151695,
        0.0062495386227965355,
        0.006188887171447277,
        0.006146647036075592,
        0.0061051854863762856,
        0.006063071079552174,
        0.006028742529451847,
        0.006008858326822519,
        0.005982708185911179,
        0.0059798057191073895,
        0.005963219795376062,
        0.005959175992757082
    ],
    "loss": [
        0.056340888142585754,
        0.005860909353941679,
        0.004317177925258875,
        0.0031542733777314425,
        0.0029112345073372126,
        0.001946312258951366,
        0.0015409481711685658,
        0.0015071650268509984,
        0.001077770022675395,
        0.001025012694299221,
        0.001004830002784729,
        0.001127509051002562,
        0.0009399927221238613,
        0.0008261059410870075,
        0.0007162084220908582,
        0.0008100547129288316,
        0.0007923406083136797,
        0.0007144177216105163,
        0.000747104873880744,
        0.000696852570399642,
        0.0006996975862421095,
        0.0007369130617007613,
        0.0007201102562248707,
        0.0007189211319200695,
        0.0006669650902040303,
        0.000723498233128339,
        0.0006845786119811237,
        0.0006919509614817798
    ],
    "mean_squared_error_loss": [
        0.0440334789454937,
        0.002274953294545412,
        0.0013946646358817816,
        0.0010926596587523818,
        0.0009592363494448364,
        0.0008254402200691402,
        0.0007735332474112511,
        0.0007349931402131915,
        0.0006663053063675761,
        0.0006458709249272943,
        0.0006580412155017257,
        0.0007071509608067572,
        0.0006045541376806796,
        0.0005879187374375761,
        0.0005700126057490706,
        0.0005608146893791854,
        0.0005546841421164572,
        0.0005510534974746406,
        0.0005458283121697605,
        0.0005452021723613143,
        0.0005394141189754009,
        0.000539495493285358,
        0.0005374311585910618,
        0.00053523073438555,
        0.0005339966155588627,
        0.0005334284505806863,
        0.0005304716760292649,
        0.0005315187154337764
    ],
    "presence_acc": [
        0.9910822510719299,
        0.9976340532302856,
        0.9981496930122375,
        0.9986350536346436,
        0.9987866878509521,
        0.9992417097091675,
        0.9995146989822388,
        0.9994540214538574,
        0.9997573494911194,
        0.9998786449432373,
        0.9998786449432373,
        0.9997573494911194,
        0.999908983707428,
        0.9999393224716187,
        1.0,
        0.999908983707428,
        0.9999393224716187,
        0.9999393224716187,
        0.9999696612358093,
        0.9999696612358093,
        0.9999696612358093,
        0.9999393224716187,
        0.9999696612358093,
        0.999908983707428,
        1.0,
        0.9999393224716187,
        0.9999696612358093,
        0.9999393224716187
    ],
    "presence_auc": [
        0.9984928369522095,
        0.9996635913848877,
        0.9998164176940918,
        0.9998452067375183,
        0.9998332858085632,
        0.999991774559021,
        0.9999963045120239,
        0.9999973773956299,
        0.9999997019767761,
        0.9999983310699463,
        0.9999996423721313,
        0.9999994039535522,
        0.9998703598976135,
        0.9999995231628418,
        1.0,
        1.0,
        0.9999995827674866,
        1.0,
        0.9999995231628418,
        0.9999998807907104,
        1.0,
        0.9999998211860657,
        1.0000001192092896,
        0.9999998807907104,
        1.0,
        1.0,
        1.0000001192092896,
        1.0
    ],
    "val_binary_crossentropy_loss": [
        0.005690823309123516,
        0.0037832986563444138,
        0.0028128246776759624,
        0.004183679819107056,
        0.003756155027076602,
        0.0014348006807267666,
        0.003304252168163657,
        0.0027843720745295286,
        0.0013223403366282582,
        0.0015377072850242257,
        0.0010511173168197274,
        0.001064218464307487,
        0.0011871104361489415,
        0.0011428113793954253,
        0.0011309138499200344,
        0.0011147180339321494,
        0.0011788110714405775,
        0.0011909713502973318,
        0.001006920705549419,
        0.0009092921973206103,
        0.001016781316138804,
        0.000904143147636205,
        0.000773103442043066,
        0.0007820468163117766,
        0.0008040134562179446,
        0.0008492649649269879,
        0.0008369701681658626,
        0.0008183133904822171
    ],
    "val_heatmap_mae": [
        0.036336492747068405,
        0.019617658108472824,
        0.014691213145852089,
        0.012048018164932728,
        0.010363572277128696,
        0.009402438066899776,
        0.008924431167542934,
        0.008295629173517227,
        0.007910511456429958,
        0.0075925905257463455,
        0.007207299116998911,
        0.007156709209084511,
        0.006825936026871204,
        0.006656968500465155,
        0.006531752645969391,
        0.00643780454993248,
        0.006368649657815695,
        0.006327851675450802,
        0.006275045685470104,
        0.006222601048648357,
        0.006186137907207012,
        0.006154010538011789,
        0.006122102960944176,
        0.006113126873970032,
        0.006090886425226927,
        0.006084382068365812,
        0.006075835786759853,
        0.006068805698305368
    ],
    "val_loss": [
        0.005786747671663761,
        0.003478255122900009,
        0.002551192417740822,
        0.0031467871740460396,
        0.002820029156282544,
        0.0015103458426892757,
        0.00241365865804255,
        0.002126406179741025,
        0.001351216691546142,
        0.001431268290616572,
        0.0012889644131064415,
        0.0011828490532934666,
        0.0012179610785096884,
        0.001186251756735146,
        0.0011696289293467999,
        0.0011576662072911859,
        0.001183859072625637,
        0.0011882797116413713,
        0.001092512859031558,
        0.0010414252756163478,
        0.0010941982036456466,
        0.001036243513226509,
        0.000968380190897733,
        0.0009723281837068498,
        0.0009824451990425587,
        0.0010050295386463404,
        0.0009983915369957685,
        0.0009887819178402424
    ],